Area,Total,Mining and Logging,Construction,Manufacturing,"Trade, transportation and utilities",Information,Financial activities,Professional and business services,Education and health services,Leisure and hospitality,Other services,Government
,,,,,,,,,,,,
Alabama,2015.8,9.9,84.1,265.2,376.6,21,95.8,238.5,245.8,199.9,92.9,386.1
Anniston-Oxford-Jacksonville(1),47.1,–,1,6.6,8.9,0.5,1.3,4.6,5,5.1,1.7,12.4
Auburn-Opelika(1),65,–,2.5,7.1,10.8,0.5,2,7.6,4.7,8.6,2.3,18.9
Birmingham-Hoover,531.8,2.6,25.6,38.5,108.9,7.3,42.1,67.9,73.7,51.6,29.6,84
Daphne-Fairhope-Foley(2),74.4,–,–,–,–,–,–,–,–,–,–,9.8
Decatur(1),54.1,–,3.4,12,10.2,0.3,2,5.4,5.4,5.1,2.2,8.1
Dothan(1),57.6,–,2.5,5.4,14.9,0.6,2,4.6,8.3,6,2.8,10.5
Florence-Muscle Shoals(1),55.9,–,3.1,9.6,11.4,0.5,2.3,3.9,7,6.5,2.2,9.4
Gadsden(1),37.8,–,1.2,5.6,6.5,0.3,1.4,4.1,7.9,4.2,1.4,5.2
Huntsville(1),236,–,8.8,25.1,33.5,2.6,6.7,56.4,21.8,22.6,7.9,50.6
Mobile(1),183.9,–,11.6,18.8,36,2,9.3,23.1,27.7,17.4,12.3,25.7
Montgomery(1),176.9,–,6.2,18.4,30,2.2,7.8,21.4,20.9,16.3,9.2,44.5
Tuscaloosa(1),109.3,–,6.3,17.1,16.2,1,3.9,10.6,9.5,11.5,4,29.2
,,,,,,,,,,,,
Alaska,316.5,12.9,13,12.9,59,5.8,11.6,27.6,50.1,31.4,10.8,81.4
Anchorage,170.5,2.8,7.5,1.9,36.2,4.1,7.9,18.8,30.9,19.4,6.1,34.9
Fairbanks,36.2,0.7,2,0.6,7.3,0.4,1.2,2.4,5.7,4,1,10.9
,,,,,,,,,,,,
Arizona,2822.8,11.6,150.5,169.4,527.4,45.2,218.3,422.6,439,323.2,88.4,427.2
Flagstaff(1),66.8,–,2.3,4.3,9.2,0.5,1.4,3.1,9.9,13.9,1.8,20.4
Lake Havasu City-Kingman(1),50.6,–,2.9,3.1,12.5,0.5,1.8,3.7,8.7,8,1.8,7.6
Phoenix-Mesa-Scottsdale,2079.3,3.1,118,127.5,398.7,35.9,189.8,346.7,319.4,227.7,65.1,247.4
Prescott(1),64.5,–,5.4,3.9,12.5,0.6,2.2,3.9,12.8,10.1,2,11.1
Sierra Vista-Douglas(1),33.3,–,1.5,0.5,5.7,0.4,1.2,3.6,4.7,3.5,0.8,11.4
Tucson,384.5,1.7,16.4,24.4,60.6,5.4,17.8,53.2,66.1,45,13,80.9
Yuma(1),56.4,–,2.4,3,11.1,0.5,1.9,6.8,7.6,6.3,1.8,15
,,,,,,,,,,,,
Arkansas,1232.1,5.5,49.8,157.6,246.4,12.3,53,143.6,187.9,112.9,48.8,214.3
Fayetteville-Springdale-Rogers(1),256.8,–,11.5,29.4,55.9,1.8,7.8,49.8,29,25.8,9,36.8
Fort Smith(1),111.4,–,5.4,17.5,22.3,1.2,3.8,12.3,16.6,9,4.4,18.9
Hot Springs(2),37.8,–,–,–,–,–,–,–,–,–,–,4.6
Jonesboro(2),58,–,–,–,–,–,–,–,–,–,–,9.3
Little Rock-North Little Rock-Conway(1),356.6,–,17.6,20.1,69,5.7,21,46.8,56.7,33.1,15.4,71.2
Pine Bluff(2),32.8,–,–,–,–,–,–,–,–,–,–,9.6
,,,,,,,,,,,,
California,16967.4,21.2,834.5,1312.1,3038.6,531.9,833.9,2581.7,2704.8,1954.2,558.9,2595.6
Bakersfield,260.3,8.6,15,13.5,51.9,1.9,8.2,27.1,37.3,25.4,7.9,63.5
Chico(1),81.8,–,3.8,4,14.2,0.9,3.5,5.4,20.2,8.7,4.6,16.5
El Centro(1),53.6,–,1.9,1.7,12,0.3,1.2,2.7,9.7,4.4,1,18.7
Fresno,348.7,0.3,18,25.5,66.2,3.6,13.7,32.4,68.6,33.7,11.6,75.1
Hanford-Corcoran(1),39.2,–,0.9,4.2,6.7,0.2,0.9,1.2,6.4,3.2,0.6,14.9
Los Angeles-Long Beach-Anaheim,6086.8,2.9,243.4,509.1,1091.7,243.1,339.4,919.6,1032,749.5,200,756.1
Madera(1),38.2,–,1.9,3.4,5.8,0.3,0.9,2.3,8.5,3.2,0.9,11
Merced(1),67.8,–,2.8,9.4,12.6,0.3,1.9,3.7,10.3,5.7,1.4,19.7
Modesto(1),174.6,–,9.5,19.9,37.3,1,5.3,14.8,32.7,19.1,5.8,29.2
Napa(1),71.1,–,4.2,12,9.8,0.4,2.2,6.8,10,12.7,2.1,10.9
Oxnard-Thousand Oaks-Ventura,306.8,0.9,16.5,30.6,58.4,4.9,16.8,36,46,38.9,9.5,48.3
Redding(1),66.1,–,3.2,2.6,13.2,0.6,2.7,6.8,14.9,6.6,2.3,13.2
Riverside-San Bernardino-Ontario,1481,0.9,101.7,98.9,373.7,11.1,45.4,151.1,229.3,166.8,45.9,256.2
Sacramento--Roseville--Arden-Arcade,975.4,0.5,59.8,35.4,153.9,12.1,52.5,128.1,157.7,103.7,31.3,240.4
Salinas,140.8,0.2,6.2,5.8,25.4,1,4.4,13.2,20.1,25.2,5.1,34.2
San Diego-Carlsbad,1463.7,0.3,81.8,111.4,227.7,24.4,73.8,239.8,208,189.8,54.3,252.4
San Francisco-Oakland-Hayward,2410.1,0.5,118.1,141.1,382.5,108.6,142.5,485.2,355.9,267.5,85.1,323.1
San Jose-Sunnyvale-Santa Clara,1111.1,0.2,50.2,169.8,134.9,89.5,36.6,229.3,175.3,100.6,28.5,96.2
San Luis Obispo-Paso Robles-Arroyo Grande(1),118.4,–,7.7,7.4,20.7,1.4,4.2,10.5,16,18.7,6.7,25.1
Santa Cruz-Watsonville(1),102.9,–,4.7,6.9,16.5,0.8,3.5,10.2,18.2,13.5,4.9,23.7
Santa Maria-Santa Barbara,184.1,0.9,8.7,12.8,26.8,5,6.7,21.4,28.1,27,6,40.7
Santa Rosa,206.8,0.2,13.4,23.5,37.3,2.7,8.3,20.9,35.5,25.1,7.1,32.8
Stockton-Lodi,237.1,0.1,12,18.2,67.3,1.8,7.9,19.2,38.4,21.2,8.1,42.9
Vallejo-Fairfield,138.4,0.2,11.4,12.3,27,1,5.2,10.1,27.1,14.6,4.2,25.3
Visalia-Porterville(1),126.8,–,5.6,12.3,27.2,0.9,4.1,13.5,16.1,11.7,3.4,32
Yuba City(1),43.3,–,2.3,2.2,9.3,0.3,1.4,3,8.3,4.3,1.2,11
,,,,,,,,,,,,
Colorado,2683.1,27.8,164.7,145.4,463.2,74.1,168.3,412.9,338.6,338.5,106.8,442.8
Boulder(1),190.8,–,5.8,18.6,25.9,8.2,7,35.2,26,20.3,6.1,37.7
Colorado Springs(1),288.5,–,17.1,11.7,43.8,5.6,18.2,44.2,39.6,37.5,17.4,53.4
Denver-Aurora-Lakewood(1),1469.1,–,103.5,70.3,269.2,49.7,109.1,262,188.5,164.1,55.7,197
Fort Collins(1),165.7,–,10.9,13.9,27,2.9,6.9,19.7,17.7,20.5,6.1,40.1
Grand Junction(1),62.4,–,6.3,3,13,0.6,3.2,5,11,7.4,2.5,10.4
Greeley(1),107.6,–,18.9,13.4,18.7,0.7,4.6,10.5,10.3,8.9,3.6,18
Pueblo(1),61.6,–,3.4,4.2,11.4,0.6,1.8,6,13,6.4,2.1,12.7
,,,,,,,,,,,,
Connecticut,1666.1,0.5,51.8,161.8,294.7,30.5,127.8,214.8,340.2,145.9,64.4,233.7
Bridgeport-Stamford-Norwalk(1),397.2,–,10.5,29.3,69.4,12,39.9,62.5,73.8,39.5,17.1,43.2
Danbury(2),77.8,–,–,–,17.6,–,–,9.8,–,7.4,–,10.6
Hartford-West Hartford-East Hartford(1),571.1,–,17.4,58.9,89.8,10.3,56.4,73.7,109.6,46.9,21.9,86.2
New Haven(1),281,–,9.7,23.8,50.9,3.5,12.4,29.7,82.5,22.2,10.7,35.6
Norwich-New London-Westerly(1),128.3,–,3.7,18.4,22.8,1.3,3,8.9,20.7,15.2,3.5,30.8
Waterbury(1),65.5,–,2.5,7.6,12.2,0.6,2,5.7,17.2,5.2,2.5,10
,,,,,,,,,,,,
Delaware(1),447.5,–,21.8,25.8,79.9,4.3,47.6,61.4,78,44.2,18.5,66
Dover(1),68.6,–,2.4,5,13.3,0.4,1.6,5.3,11.1,7.3,2.5,19.7
Salisbury(3)(1),149.8,–,8.6,13.9,30.3,1.2,6.1,13.4,26.2,20.2,5.4,24.5
,,,,,,,,,,,,
District of Columbia(1),792.2,–,15.4,1.3,34,18.6,30.4,167,137,75.9,75.8,236.8
Washington-Arlington-Alexandria(1),3278.1,–,158.7,54.2,402.1,74.5,158.1,752.4,444.5,322.2,209,702.4
,,,,,,,,,,,,
Florida,8716.9,5.6,527.1,370.8,1750.4,137.8,570,1350,1294.6,1226.9,350.6,1133.1
Cape Coral-Fort Myers(1),268.8,–,26.7,5.9,55.5,2.8,13.8,37.4,29.9,41.6,11.5,43.7
Crestview-Fort Walton Beach-Destin(1),114.6,–,7,3.1,20.4,1.1,6.8,16.4,12.2,22.1,4.9,20.6
Deltona-Daytona Beach-Ormond Beach(1),203.9,–,13.8,11.6,39,2.4,8.5,23.6,40.4,32.3,9.1,23.2
Gainesville(1),145,–,5.5,4.4,20.7,1.5,7.1,14.4,25.8,15.6,4.5,45.5
Homosassa Springs(2),33.1,–,–,–,–,–,–,–,–,–,–,4.5
Jacksonville,699.1,0.4,45,30.9,143.2,9.3,69.1,104.7,107.1,86,25.7,77.7
Lakeland-Winter Haven(1),225.8,–,14.1,17.3,58,1.8,12.3,30.3,33,24.2,5.9,28.9
Miami-Fort Lauderdale-West Palm Beach,2662.7,0.7,136.1,92.9,600.8,50.6,178.3,443.5,393.1,329,123.8,313.9
Naples-Immokalee-Marco Island(1),145,–,15.8,3.8,26.3,1.5,8.3,16.2,21.6,29.3,8.3,13.9
North Port-Sarasota-Bradenton(1),307.8,–,24.2,17.1,58.7,3.4,15.3,48.6,52.3,47,13.3,27.9
Ocala(1),103,–,7.1,8.5,23.5,0.8,3.8,9,19.2,13,3,15.1
Orlando-Kissimmee-Sanford,1281.8,0.3,77.8,46.6,235.2,24.2,77,226.2,155.8,265.2,45.5,128
Palm Bay-Melbourne-Titusville(1),213.6,–,13.9,24.5,36.6,2.6,8.1,30,34.4,26.5,8.7,28.3
Panama City(1),83.9,–,5.4,3,16.5,0.7,4.5,11.6,11.8,13.1,2.8,14.5
Pensacola-Ferry Pass-Brent(1),177.2,–,12,6,31.8,2,13.4,22.2,30.5,24.5,6.1,28.7
Port St. Lucie(1),147.2,–,10,6.8,31.5,1.3,5.6,17.2,27.2,19.9,8,19.7
Punta Gorda(1),48.9,–,3.9,0.8,11.4,0.5,2.1,4.5,9.1,8.3,2.1,6.2
Sebastian-Vero Beach(1),52.4,–,3.9,2,10.3,0.6,2.7,5.3,10.3,9.1,2.8,5.4
Sebring(2),25.7,–,–,–,–,–,–,–,–,–,–,4.4
Tallahassee(1),183.3,–,7.9,3.2,23.9,3.6,8.1,21,23.4,20.3,9,62.9
Tampa-St. Petersburg-Clearwater,1346.2,0.2,73.8,68,248.3,24.4,114.6,240.8,212.4,158.6,46,159.1
The Villages(2),28.7,–,–,–,–,–,–,–,–,–,–,5.3
,,,,,,,,,,,,
Georgia,4483.8,9.9,189,401.7,944,111.6,240.7,672.2,584,475,159.9,695.8
Albany(2),63.2,–,–,4.3,12.6,–,–,–,–,–,–,13
Athens-Clarke County(2),98.5,–,–,–,16.6,–,–,8.9,–,10.8,–,30.3
Atlanta-Sandy Springs-Roswell,2734.4,1.6,124.1,168.5,609.4,91.9,168.8,494.8,349.8,289.1,99.6,336.8
Augusta-Richmond County(1),241,–,12.1,21.9,40.9,2.5,6.3,41.5,34.1,25.6,8.1,48
Brunswick(2),43.3,–,–,–,9.4,–,–,–,–,–,–,8.6
Columbus(1),121.1,–,4.5,10.9,18.4,1.3,13.1,13.5,16,14.4,4.3,24.7
Dalton(2),67,–,–,24.7,13.7,–,–,6.5,–,–,–,6.7
Gainesville(2),91.7,–,–,–,16.7,–,–,–,–,–,–,10.8
Hinesville(2),20.5,–,–,–,–,–,–,–,–,–,–,7.8
Macon-Bibb County(2),102.4,–,–,–,20.5,–,10.1,11.9,21,10.2,–,14.4
Rome(2),41.2,–,–,6.5,7.9,–,–,–,10.3,–,–,5.8
Savannah(1),177.6,–,7.5,17.4,40.7,1.9,6.1,20,26.5,26.1,7.2,24.2
Valdosta(2),56.3,–,–,–,12,–,–,–,–,–,–,13.3
Warner Robins(2),74,–,–,–,10.7,–,–,–,–,–,–,27.3
,,,,,,,,,,,,
Hawaii(1),662.4,–,36.6,14.1,120.4,9,28.3,84.1,86.5,127,28.1,128.3
Kahului-Wailuku-Lahaina(1),77.3,–,3.8,1,15.5,0.6,3,7.5,8.8,25.7,3,8.4
Urban Honolulu(1),484.9,–,27.2,11.4,84.4,7.6,21.6,66.8,66,76.4,21.7,101.8
,,,,,,,,,,,,
Idaho,720.6,3.3,44.3,68,138.9,9.2,36.3,88.8,105.8,74.1,25,126.9
Boise City(1),319.6,–,21.9,28.4,61.2,4.7,18.5,45.5,47.7,31.9,11.3,48.5
Coeur d'Alene,62.1,0.2,5,4.5,12.1,0.6,3.7,7.1,8.2,7.1,2.1,11.5
Idaho Falls(1),65.9,–,3.7,4.2,13.8,0.9,2.5,14.2,10,6.2,2,8.4
Lewiston,29.2,0.2,1.3,4.6,5.2,0.4,1.6,1.4,5.4,2.7,0.9,5.5
Pocatello(1),37.2,–,1.6,2.2,6.7,0.3,2.1,3.9,6.3,4.1,1.1,8.9
,,,,,,,,,,,,
Illinois,5991.3,7.3,196.9,583.1,1192.6,93.5,396.3,915.2,927.8,583,248.7,846.9
Bloomington(1),93.6,–,2.5,3.2,14.3,0.5,20.2,9.5,11.1,11.9,3.6,16.8
Carbondale-Marion(2),56.9,–,–,–,–,–,–,–,–,–,–,16.7
Champaign-Urbana(1),111.4,–,2.9,7.8,16.1,2.4,4.5,7.9,15.6,11.7,3.1,39.4
Chicago-Naperville-Elgin,4629.3,1.5,156.4,417.7,938.2,75.8,307,802.9,729.2,451.7,193.1,555.8
Danville(1),27.8,–,0.6,5,7.1,0.1,1,1.9,2.8,2.2,1.1,6
Davenport-Moline-Rock Island(3)(1),183.2,–,8.6,23.4,36.6,2.1,7.4,25.9,26.9,19,7.2,26.1
Decatur(1),50.9,–,2.8,10.7,10.6,0.4,1.9,2.9,9,5.1,2.1,5.4
Kankakee(1),47,–,1.1,6.8,9.6,0.4,1.9,4.9,9.9,3.9,1.7,6.8
Peoria(1),167.7,–,6.2,22.6,31.9,2,7.3,22,30.1,17,7.5,21.1
Rockford(1),149.7,–,4.5,32,28.2,1.5,5.1,15.8,23.9,14.6,8.4,15.7
Springfield(1),110.5,–,3.6,3,16.5,1.5,6.2,13.1,20.5,10.2,6.1,29.8
,,,,,,,,,,,,
Indiana,3082.1,5.8,128.8,531.8,589.6,29.7,134.9,331.1,476.7,292.4,123.5,437.8
Bloomington(1),75.9,–,2.4,8.9,9.9,1.1,2.8,4.7,10.1,8.8,2.3,24.9
Columbus(1),52.9,–,1.6,19.5,8.3,0.3,1.5,5.3,4.3,4,1.2,6.9
Elkhart-Goshen(1),141.4,–,3.2,71.5,20.1,0.4,2.8,10.6,12.2,7.7,4.2,8.7
Evansville(1),160,–,10,23,31.3,1.5,5.2,18.8,28.9,16.3,7,18
Fort Wayne(1),221.3,–,9.7,35.3,43.3,2.7,11.7,21.5,42.7,20.3,11.6,22.5
Indianapolis-Carmel-Anderson,1054.5,0.7,49.1,91.5,220.3,14.4,67.6,170.8,160.8,101.6,44.4,133.3
Kokomo(1),42.7,–,1,13.3,6.5,0.2,1.1,–,–,4.1,1.8,5
Lafayette-West Lafayette(1),104.9,–,3.1,18.8,14.5,0.7,3.6,7.7,12.3,9.9,3.8,30.5
Michigan City-La Porte(1),39.9,–,1.7,7.5,8.1,0.2,1.2,2.8,5.6,5,1.5,6.3
Muncie(1),52.2,–,1.3,4.3,8.5,0.3,2.4,–,9,4.9,1.8,14.2
South Bend-Mishawaka(1),143.1,–,5.2,18.1,24.9,1.4,6,13.4,37.3,14.6,6.2,16
Terre Haute(1),69.8,–,3.5,10.5,12.4,0.5,2.4,4.8,12.2,7.5,2.8,13.2
,,,,,,,,,,,,
Iowa,1559.5,2,60.8,222.5,310,21.6,110.3,139.4,235.3,137.6,56,264
Ames(2),55.2,–,–,–,–,–,–,–,–,–,–,23.4
Cedar Rapids(1),143.1,–,6.9,19.7,32.1,3.9,10.6,14.9,21.1,11.8,5.1,17
Des Moines-West Des Moines(1),360.1,–,17.8,20.5,68.9,6.4,55.8,47.5,51.8,34.2,12.6,44.6
Dubuque(2),59.1,–,–,–,12.1,–,–,–,–,–,–,4.9
Iowa City(2),102.1,–,–,–,15.7,–,–,6.7,–,10.4,–,39.9
Sioux City(2),86.1,–,–,16.9,18.8,–,–,7.8,–,7.9,–,10.9
Waterloo-Cedar Falls(2),90.1,–,–,16.4,16.6,–,4.8,7.4,14,7.3,–,15.1
,,,,,,,,,,,,
Kansas,1404,6.9,54.2,162.2,265.5,19,77.1,178.1,198.7,127.3,50.4,264.6
Lawrence(2),53.9,–,–,–,8.2,–,–,5.3,5.7,7.4,–,16.8
Manhattan(2),43.3,–,–,–,–,–,–,–,–,–,–,15.1
Topeka(1),110.7,–,5,7.8,17.2,1.3,7.5,13.6,18.4,8.7,4.8,26.4
Wichita(1),292.3,–,14.9,51.4,49,4.2,11.4,31.7,43.3,32.7,10.4,43.3
,,,,,,,,,,,,
Kentucky,1903.3,10.3,71,252,402.3,22,92.7,210.7,272.7,186.4,67,316.2
Bowling Green(1),76.3,–,2.9,13,13.7,–,–,9,10.9,8.8,–,12.5
Elizabethtown-Fort Knox(1),55.9,–,1.8,8.2,9.2,–,–,5.9,4.7,5.4,–,15.3
Lexington-Fayette(1),275.1,–,13.1,31.1,52.4,2.7,9.8,39.2,35.3,29.9,9.5,52.1
Louisville/Jefferson County(1),660.8,–,27.6,81.5,149,9.4,46.3,84.9,93.1,67,27.6,74.4
Owensboro(1),54,–,2.7,9.4,10.3,0.3,3.7,4.5,9.5,5,1.7,6.9
,,,,,,,,,,,,
Louisiana,1966.2,33.7,144.3,135.3,375,22.8,90.2,210.5,317.5,234.1,74.6,328.2
Alexandria(2),61.9,–,–,–,11.2,–,–,–,–,–,–,13.5
Baton Rouge,406,0.9,47.2,28.9,69.7,5.2,19.1,46.8,54.3,41.5,16.7,75.7
Hammond(2),46.6,–,–,–,–,–,–,–,–,–,–,11.9
Houma-Thibodaux(2),86.1,5.2,4.6,–,22.3,–,–,–,–,7.8,–,12.4
Lafayette,199.3,13.4,9.8,15.4,42,2.5,10.4,18.8,31.5,21.3,7,27.2
Lake Charles,117.7,0.3,27.3,10.5,18.1,–,–,10.2,–,15.4,–,15.4
Monroe(2),78.2,–,–,6.4,13.9,–,–,8.4,15.9,8,–,11.3
New Orleans-Metairie,573,4.2,29.6,31,111.9,7.1,29,73.9,101.4,88,24.2,72.7
Shreveport-Bossier City,179.6,4.1,8.5,10.3,36.1,1.9,7.5,18.1,33.6,23.1,6.5,29.9
,,,,,,,,,,,,
Maine,605,2.3,25,50.4,116.4,7.2,30.9,65.7,129.5,55,21.3,101.3
Bangor,65.2,0.2,2.7,2.1,13.4,0.7,2.2,6.3,16.2,6.2,2.2,13
Lewiston-Auburn(1),49.8,–,2.3,5.3,10.1,0.4,2.2,6.5,12.4,3.3,1.6,5.7
Portland-South Portland(1),201.1,–,8.4,13.4,38.4,3.1,16,27.6,44.2,18.7,7.6,23.7
,,,,,,,,,,,,
Maryland,2688.3,1.2,158.8,107.9,459.7,36,143.6,436.5,471.3,252,112,509.3
Baltimore-Columbia-Towson(1),1389.7,–,77.4,55.7,243,17,80.9,229,281,127.5,49.9,228.3
California-Lexington Park(2),44.8,–,–,–,–,–,–,–,–,–,–,14.6
Cumberland(2),38.9,–,–,–,–,–,–,–,–,–,–,8.1
Hagerstown-Martinsburg(1),103.8,–,3.9,8,26.6,1.9,6.8,9.5,16.2,9.6,3.6,17.7
,,,,,,,,,,,,
Massachusetts,3561.7,1,146.2,245.1,564.9,89.4,219.6,559,801,339.9,135.6,460
Barnstable Town(1),96.3,–,6.2,3.2,20,1.5,3.7,7.8,20,14,4.5,15.4
Boston-Cambridge-Nashua(1),2706,–,107.5,187,412.6,79.1,182.2,481.8,587.6,253.3,101.2,313.7
Leominster-Gardner(1),52.5,–,1.9,6.7,10.5,0.4,1.6,4.2,11,5.5,1.7,9
New Bedford(1),66.9,–,2.3,7.5,11.6,0.3,1.8,5.7,17.6,6.7,2.5,10.9
Pittsfield(1),40.1,–,1.9,3.2,6.8,0.5,1.9,4.4,9.3,5,1.7,5.4
Springfield(1),333.1,–,10.4,28.8,60.2,3.2,16.3,26.6,83.7,28.3,12.7,62.9
Worcester(1),286.4,–,10.4,27.8,52.5,3.7,14.7,29.7,68.4,24.1,10.7,44.4
,,,,,,,,,,,,
Michigan,4348.5,7,153.2,614.6,774.4,55,216.2,648.4,676,417.2,169.5,617
Ann Arbor(1),222.7,–,4.1,14.9,25.3,5.1,7.1,29.6,27.8,17.2,6.3,85.3
Battle Creek(1),57.7,–,1.2,12.4,9.1,–,1.2,6.2,10.9,4.2,1.9,10.6
Bay City(1),35.2,–,0.9,4.5,7.5,0.5,1.3,2.6,6.6,4.3,1.4,5.6
Detroit-Warren-Dearborn(1),1988.3,–,66.5,251.1,366.6,26.6,114.5,389.4,312.1,198.4,75.1,188
Flint(1),139.1,–,5,12.4,29,3.9,6,15.3,28.5,14.8,5.3,18.9
Grand Rapids-Wyoming(1),556.5,–,22.9,115.9,94.4,5.4,26.1,80,92.9,47.7,22.3,48.9
Jackson(1),58,–,1.7,10.2,12.4,0.3,2,5,10.9,5.2,2.5,7.8
Kalamazoo-Portage(1),147.8,–,6.4,21.4,26.6,0.8,8.3,17.4,24.2,15.3,5.2,22.2
Lansing-East Lansing(1),238.2,–,6.8,20.5,38,2.6,16.5,23.7,32.5,18.6,10,69
Midland(2),36.5,–,–,–,–,–,–,–,–,–,–,3
Monroe(1),42,–,1.8,5.5,11,–,0.9,5.4,5.1,4.5,1.5,5.6
Muskegon(1),63.5,–,2,13.8,13.1,0.8,1.7,3.7,12,6.9,2.1,7.4
Niles-Benton Harbor(1),61.1,–,1.7,13.6,10.6,0.5,2.5,4.9,9.5,6.4,2.3,9.1
Saginaw(1),86.6,–,2.6,12.4,16.2,1.2,3.7,11.3,16.1,8.5,3.3,11.3
,,,,,,,,,,,,
Minnesota,2895.9,6.2,105.8,314.1,531.2,49,177,364.9,540,256.2,115,436.5
Duluth(1),136.9,–,8.3,7.6,24.6,1.3,5.9,7.9,33,13.4,6.6,28.3
Mankato-North Mankato(2),58.7,–,–,–,–,–,–,–,–,–,–,9.9
Minneapolis-St. Paul-Bloomington(1),1966.4,–,70.4,193.6,358.2,37.1,144.2,311.7,333.7,178.8,81.4,257.3
Rochester(1),117.4,–,4,10.2,17.6,1.9,2.8,5.2,48.1,10.5,4,13.1
St. Cloud(1),109,–,5.6,15.4,21.6,1.5,5.3,8.8,22.6,8.6,3.9,15.7
,,,,,,,,,,,,
Mississippi,1158,6.6,44.3,144.8,229.4,11.3,45.1,111.8,147.2,133,40.3,244.2
Gulfport-Biloxi-Pascagoula(1),154.1,–,7.8,17.9,24.4,1.4,5.3,15.9,13.2,29.4,5.1,33.7
Hattiesburg(2),65.8,–,–,4.5,14.1,–,–,–,–,7.9,–,14.2
Jackson,282.4,1.2,10.3,20.6,53,3.7,15.7,35.7,44.6,26.5,13.8,57.3
,,,,,,,,,,,,
Missouri,2860.5,4.1,113.1,269.4,543.6,52.2,174.6,390,473.4,284.6,114.6,440.9
Cape Girardeau(2),44.9,–,–,–,–,–,–,–,–,–,–,6.6
Columbia(2),99.5,–,–,–,15.2,–,–,–,–,–,–,30.2
Jefferson City(2),75.9,–,–,–,14.1,–,–,–,–,–,–,24.4
Joplin(2),81.4,–,–,12.8,20.4,–,–,–,13.1,–,–,10.4
Kansas City(1),1080.7,–,47.6,75.8,214.4,17.3,79.6,191.9,151.7,103.7,43.2,155.5
St. Joseph(2),64.2,–,–,–,10.8,–,–,–,–,–,–,12
St. Louis(1)(4),1366.1,–,61.1,115.5,257.6,27.6,88.3,212.6,256.9,142.3,50.8,153.4
Springfield(1),213,–,8.8,15.9,48,4.1,11.9,25.7,38.1,21,8.9,30.6
,,,,,,,,,,,,
Montana,465.5,6.7,24.2,19.7,92.2,6.5,24.1,41,77,63.1,18.8,92.2
Billings(2),83.6,–,–,–,20.5,–,–,9,15,11.5,–,9.8
Great Falls(2),35.3,–,–,–,8,–,–,2.9,7.4,4.5,–,5.7
Missoula(2),60.7,–,–,–,12.5,–,–,6.3,10.9,8,–,11.4
,,,,,,,,,,,,
Nebraska,1006.7,1,44.3,99.5,200.7,17.5,73.9,115.6,155.7,89.4,35.8,173.3
Grand Island(2),41.8,–,–,–,–,–,–,–,–,–,–,6.8
Lincoln(1),186.7,–,8.8,13.1,33.4,3.2,14.7,18.8,28.6,18.4,7.1,40.6
Omaha-Council Bluffs(1),494,–,25.7,34.3,95.6,11.4,43.6,70.2,80.6,47.8,17.8,67
,,,,,,,,,,,,
Nevada,1356.9,14.2,86.3,51.5,249.8,14.2,65.3,182.2,137.3,348.4,41.6,166.1
Carson City(2),30.6,–,–,2.7,4.2,–,–,2,–,3.6,–,10
Las Vegas-Henderson-Paradise,987.8,0.4,63,23.4,174.8,10.8,50.9,138.6,99,288.2,31.8,106.9
Reno,234.1,0.3,15.9,19.7,52.4,2.2,10.5,30.6,26.3,37.7,6.4,32.1
,,,,,,,,,,,,
New Hampshire,672.3,0.8,25.5,69.6,138.8,12.4,35.1,79.3,126.2,67.1,24.1,93.4
Dover-Durham(1),54.4,–,1.6,5.4,8.9,1,3.1,5.3,8.5,4.8,1.9,13.9
Manchester(1),111,–,4.9,7.7,20.1,3.6,8.4,15.9,24.5,9.3,4.7,11.9
Portsmouth(1),91.3,–,2.5,8.8,17,2.8,5.3,13.4,15.1,9.8,2.6,14
,,,,,,,,,,,,
New Jersey,4098.9,1.3,144.4,246.9,888,69.8,245.8,653,710.8,341.9,171.8,625.2
Atlantic City-Hammonton(1),126.6,–,5.3,2.2,21,0.7,3.7,10.4,21.3,34.3,5.4,22.3
Ocean City(2),35.3,–,–,–,6.5,–,–,–,4.8,5.7,–,8.1
Trenton(1),269.4,–,5.2,8.6,40,5.1,18.7,42.3,48.5,16.2,10.4,74.4
Vineland-Bridgeton(1),59.1,–,2.6,9.4,13.2,0.5,1.2,4,11,3.7,2.1,11.4
,,,,,,,,,,,,
New Mexico,835.7,20.7,46.8,26.9,136,11.4,35.1,104.3,140.1,95.9,27.9,190.6
Albuquerque(1),391.7,–,23.8,15.7,62.7,7.4,19.5,60.9,63.9,42.9,11.8,83.1
Farmington(2),49.1,–,–,–,–,–,–,–,–,–,–,11.3
Las Cruces(1),70.1,–,3.6,2.3,10.6,0.6,2.6,6.3,15.8,8,1.4,18.9
Santa Fe(1),63.2,–,2.8,0.9,9.7,0.8,2.4,4.9,11.5,10.5,3.1,16.6
,,,,,,,,,,,,
New York,9459.1,4.5,360,438.6,1550.9,264.3,717.1,1311.2,2046.2,896.2,413.3,1456.8
Albany-Schenectady-Troy(1),467.6,–,17.4,26.4,73.8,8.2,26,56,97.4,40,19,103.4
Binghamton(1),102.7,–,3.7,11,18.5,1.5,3.6,8.3,17.1,10.4,5.5,23.1
Buffalo-Cheektowaga-Niagara Falls(1),560.7,–,17.9,52.5,99,6.9,37.3,70.2,100.7,57.9,25.8,92.5
Elmira(1),36.1,–,1.3,5.3,7.6,0.3,1.3,1.8,7.3,3.4,1.7,6.1
Glens Falls(1),53.8,–,2.4,5.8,9.4,0.9,1.9,5.5,8.6,6.2,2.3,10.8
Ithaca(1),66.4,–,1.1,3.3,6.4,0.5,1.6,3.3,34.9,4.8,1.7,8.8
Kingston(1),60.9,–,2.7,3.4,12,0.7,2.4,4.4,10.8,7.3,3,14.2
New York-Newark-Jersey City(1),9623.6,–,381.7,360.9,1735.9,281.9,773.4,1531.3,1972,862.2,421.1,1303.2
Rochester,532,0.6,18.5,57.5,81.4,7.9,21.7,67.7,132.9,41.9,20.8,81.1
Syracuse(1),313.5,–,10.3,25.4,61.4,4.5,14.5,33.9,64.2,28.5,12.2,58.6
Utica-Rome(1),124.2,–,2.5,11.2,20.9,1.7,7,8.1,27.4,9.9,4.9,30.6
Watertown-Fort Drum(1),40.9,–,1.3,2,8.4,0.6,1.4,2.4,6.7,4.2,2,11.9
,,,,,,,,,,,,
North Carolina,4428,5.7,208.7,468.7,825.7,81.8,234.8,624.6,603.5,474.3,150.2,750
Asheville(1),190.8,–,8.6,20.9,35.7,2,6.4,17.6,38.1,27.1,8.1,26.3
Burlington(1),61,–,2.6,9.2,12.9,0.4,2,4.9,12.1,7.7,2.1,7.1
Charlotte-Concord-Gastonia(1),1190.1,–,61.3,105.2,241.5,28.5,93,200.3,123.6,133.2,40.8,162.7
Durham-Chapel Hill(1),310.9,–,8,27.9,37.1,4.5,15.1,42.9,66.6,27.5,11.1,70.2
Fayetteville(1),129,–,4.7,7.8,23,1.2,3.8,12.2,15.7,15.5,4.5,40.6
Goldsboro(2),41.4,–,–,–,–,–,–,–,–,–,–,9.4
Greensboro-High Point(1),359.6,–,15,56,74.6,4.7,17.4,50.6,49.5,34.2,12.1,45.5
Greenville(1),79.8,–,3.1,6.4,11.5,0.7,3,6.8,9.3,9.4,2.2,27.4
Hickory-Lenoir-Morganton(1),153.9,–,4.1,41.7,30.3,0.8,3.1,14.8,18.9,13,4.4,22.8
Jacksonville(2),49.5,–,–,–,–,–,–,–,–,–,–,14.7
New Bern(2),44.3,–,–,–,–,–,–,–,–,–,–,14
Raleigh(1),621.5,–,39.2,35.1,111,22.5,32.5,116.1,74.4,67.9,23.6,99.2
Rocky Mount(1),55.2,–,2.4,9.5,11.7,–,–,4.8,6.8,5.4,–,10.8
Wilmington(1),124.2,–,7.1,5.5,24.5,3,5.9,15.7,15.2,18,5.1,24.2
Winston-Salem(1),264,–,10.5,32.6,47.7,1.7,13.3,34,54.9,28.7,8.4,32.2
,,,,,,,,,,,,
North Dakota,418.2,17.8,20.1,24.6,93.2,6.4,24.2,33.3,63.5,36.8,16.3,82
Bismarck(1),71.4,–,4,1.5,14.6,0.9,3.4,7.5,13.8,6.8,3.2,15.7
Fargo(1),140.1,–,7.5,9.8,30.1,3.1,11.2,15,24.8,13.2,5.5,19.9
Grand Forks(1),56.1,–,2.5,4.3,11.7,0.6,1.9,3.3,9.8,5.5,2,14.5
,,,,,,,,,,,,
Ohio,5483.8,11.3,197.9,693.5,1014.2,70,309.1,705.9,940.1,531.5,218.4,791.9
Akron(1),338.9,–,12.5,39.1,67.4,4.6,15.7,51.2,56.2,31.9,13.2,47.1
Canton-Massillon(1),171.2,–,8.1,25.6,31.6,1.6,7.7,15.1,34.4,18.5,8.3,20.3
Cincinnati(1),1080,–,46.9,116.8,216.4,13.3,74.3,161,165,111,43.5,131.8
Cleveland-Elyria(1),1041.3,–,32.3,123.8,182.2,13.8,65.7,150.5,203.2,94.7,38.6,136.5
Columbus(1),1076,–,37.1,73,202.9,17.1,86.9,175.1,162.4,102.2,41.5,177.8
Dayton(1),390.4,–,12,43.1,66.4,8.1,18.1,50.6,76,39.7,14.4,62
Lima(1),52.4,–,1.7,8.9,9.6,–,–,4.4,12.2,5.2,–,6.1
Mansfield(1),52,–,2.2,10,9.7,–,1.4,5,7.9,5,2,8.1
Springfield(1),49.7,–,1,7.1,9.8,–,4.1,4.6,8.8,4.9,2,7.2
Toledo(1),303.8,–,12.3,44,57.9,2.8,10.7,35.5,51.2,31.2,12.6,45.6
Weirton-Steubenville(3)(1),40.3,–,1.7,5.2,8.5,–,–,1.8,9,4.2,–,5.7
Youngstown-Warren-Boardman(1),215.3,–,7.9,27,45.3,1.9,7,19.2,43.1,24.1,9.6,30.2
,,,,,,,,,,,,
Oklahoma,1673.2,50.3,78,129.4,301.4,19.8,79.5,184.3,237.1,167.9,70.1,355.4
Enid(2),25,–,–,–,–,–,–,–,–,–,–,3.8
Lawton(1),45.4,–,1.7,3.6,7.1,0.5,2.3,4.7,4.1,4.8,1.4,15.2
Oklahoma City,640.5,19.9,30,33.5,109.1,7.5,33.2,82,92.6,73.1,28.3,131.3
Tulsa,450.6,6.5,23.8,47.3,88.3,7.1,23,58.3,71.6,44.3,20,60.4
,,,,,,,,,,,,
Oregon,1884,6.8,97.7,189.1,348.5,33.8,100.8,240.1,298.5,204.3,65.7,298.7
Albany,45.5,0.4,2.9,8.2,9.8,0.5,1.6,3,7,3.7,1.5,6.9
Bend-Redmond(1),81.4,–,6.6,5.6,15.1,1.7,4.7,9.8,13.5,11.9,2.8,9.7
Corvallis(1),43.5,–,1.4,2.8,4.6,0.6,1.5,4.7,7.2,4.2,1.4,15.1
Eugene,161.1,0.9,6.7,13.8,30.4,2.7,7.9,18.3,28.2,17,5.2,30
Grants Pass,26.1,0.1,1,2.9,5.3,0.2,1.4,2.2,5.7,3,1,3.3
Medford,87.5,0.4,4.4,7.9,19.5,1.3,4.2,7.5,16.9,11.2,2.8,11.4
Portland-Vancouver-Hillsboro,1175.9,1.3,66.3,123.9,214.3,25.2,70.7,175.9,184.3,119.3,42.8,151.9
Salem,164.5,0.6,10.1,13,28,1.2,7,14.2,28.1,15.2,5.5,41.6
,,,,,,,,,,,,
Pennsylvania,5925.1,27.2,232.3,560.7,1116.1,80.5,322,791.8,1283.2,539,259.6,712.7
Allentown-Bethlehem-Easton(1),366.7,–,12.5,36.4,84.4,5.3,14.2,47.3,77.7,34.6,14.3,40
Altoona(1),60.2,–,2.8,7.2,14.4,0.9,1.4,5.3,12.5,5.4,2.6,7.7
Bloomsburg-Berwick(1),42.9,–,0.9,5.3,6.5,–,–,4.2,12,3.6,–,6.8
Chambersburg-Waynesboro(1),61,–,2.1,8.8,15.5,–,–,5.8,10.5,5.8,–,7.7
East Stroudsburg(1),58.2,–,1.7,4.9,12.3,–,–,3.9,7.8,12,–,11.6
Erie(1),126.4,–,3.7,18.8,20.9,1,6.3,10,29.4,13.8,6,16.5
Gettysburg(1),36,–,1.9,7.4,5.2,–,–,–,7.7,4.8,–,4.2
Harrisburg-Carlisle(1),337.3,–,11.2,21.6,71.7,3.6,21.6,46.7,57.9,29.4,14.7,58.9
Johnstown(1),55.2,–,1.7,3.9,10.6,0.8,2.6,4.8,16,4.4,2.7,7.7
Lancaster(1),252.7,–,16.8,37.3,57.6,3,8.3,24.9,47.8,21.6,14.3,21.1
Lebanon(2),51.9,–,–,9,11.2,–,–,–,9.2,–,–,8.5
Philadelphia-Camden-Wilmington(1),2892.9,–,109.7,180.1,520.9,44.8,213.9,457.9,657.1,249.8,118.2,340.5
Pittsburgh,1165.8,10.4,52.9,85.6,208.7,18.4,72.4,179.4,254.3,115.9,51.2,116.6
Reading(1),177.7,–,7.4,31.5,33,1.1,5.9,24.2,30.3,14.5,7.8,22
Scranton--Wilkes-Barre--Hazleton(1),261.7,–,9.7,27.8,63.5,3,12.5,30.8,54.8,22.1,8.4,29.1
State College(2),81.5,–,–,4,9.8,–,–,6.7,10,7.5,–,34.7
Williamsport(2),52.6,–,–,7.7,9.8,–,–,–,9.9,4.3,–,7.6
York-Hanover(1),184.6,–,10.6,30.9,38.4,1.6,5.2,22.5,29.1,15.6,10.4,20.3
,,,,,,,,,,,,
Rhode Island,487.4,0.2,16.6,41.2,74.9,5.9,36.4,66.7,108.8,52.6,22.9,61.2
Providence-Warwick,581.1,0.2,21.1,52,100,7.1,38.9,73,127.8,62,27.2,71.8
,,,,,,,,,,,,
South Carolina,2094.9,4.3,101.8,244.6,397,27.6,100.9,275.6,250.5,245.2,77.8,369.6
Charleston-North Charleston(1),352.8,–,21.3,27.1,63.3,6.3,14.9,53.7,41.4,45.7,13.7,65.4
Columbia(1),394.7,–,18.2,29,74.2,5.3,31.6,47,49.5,38.1,16.1,85.7
Florence(2),88.2,–,–,–,18.2,–,–,–,–,–,–,16.9
Greenville-Anderson-Mauldin(1),418.1,–,18.1,58.5,75.4,7.2,18.2,71.1,50,43.7,14.2,61.7
Hilton Head Island-Bluffton-Beaufort(2),77.7,–,–,–,–,–,–,–,–,–,–,12
Myrtle Beach-Conway-North Myrtle Beach(1),160.3,–,10,4.8,36,2.2,8.3,14.6,17.8,37.1,6.1,23.4
Spartanburg(1),155.5,–,7.7,32.1,33.5,0.7,4.7,19,15,13.1,5.3,24.4
Sumter(2),39.6,–,–,6.8,–,–,–,–,–,–,–,6.7
,,,,,,,,,,,,
South Dakota,428.1,0.8,19.9,43.8,85.3,5.7,29.4,31.6,72.2,42.6,16.5,80.3
Rapid City(1),66.7,–,4.5,2.8,13.7,0.8,3.9,5.3,12.1,8.6,3.3,11.7
Sioux Falls(1),153.1,–,7.5,14.1,31.3,2.6,15.7,14.6,32.1,14.8,5.9,14.5
,,,,,,,,,,,,
Tennessee,3021.1,4,118.3,348.8,618.9,45.4,160.3,405.1,439.5,327.5,114.3,439
Chattanooga(1),259.7,–,10.2,33.6,52.1,3.3,16.7,31.1,34.3,28.7,11.8,37.9
Clarksville(1),90.4,–,3,12.3,16.9,1.2,3.3,8.2,12,11.2,3.1,19.2
Cleveland(1),46.3,–,1.8,9.5,8.8,0.3,1.4,6.1,5.5,4.7,2.3,5.9
Jackson(1),68.6,–,2.7,10.3,12.9,0.5,2.1,6.9,11.1,6.1,1.8,14.2
Johnson City(1),79.4,–,2.2,7.7,13.4,1.3,4.3,8.5,14.1,9.3,2.4,16.2
Kingsport-Bristol-Bristol(1),121.5,–,6.9,20.7,24.8,1.2,3.7,10,18.6,13,6,16.6
Knoxville(1),396.5,–,18.9,39.7,77.2,5.7,19.3,64.8,52.8,42.4,14.9,60.8
Memphis(1),645.3,–,22.4,45.3,174.8,5.5,29.2,92.2,95.4,68.8,26,85.7
Morristown(1),46.1,–,1.9,11.5,10,0.3,0.9,3.9,5.9,3.8,1.3,6.6
Nashville-Davidson--Murfreesboro--Franklin(1),985.7,–,40.9,83.1,187.9,22.8,66.5,162.1,153.3,109.8,41,118.3
,,,,,,,,,,,,
Texas,12371.7,240.6,735.6,860.1,2468.3,198.6,765.5,1702.8,1683.1,1326,427.5,1963.6
Abilene(1),69.5,–,4.5,3.1,13.6,0.9,4,5.4,14.5,8.1,2.5,12.9
Amarillo(1),120.3,–,7.1,13.6,25.7,1.3,6.7,9.4,16.6,13.1,4.9,21.9
Austin-Round Rock(1),1054.9,–,63.3,57.6,182.5,30.6,61.2,182.6,123.5,127.7,45.3,180.6
Beaumont-Port Arthur(1),163.1,–,19.4,21.6,31.8,1.1,5.7,14.7,21.1,16.3,6.8,24.6
Brownsville-Harlingen(1),140.9,–,2.9,5.2,25.4,0.9,5.1,12.4,40.7,15.1,2.9,30.3
College Station-Bryan(1),122.1,–,7.7,5.7,16.3,1.3,3.9,9.5,11.4,16.4,3.5,46.4
Corpus Christi(1),191.2,–,26.9,8.1,32.5,1.7,7.7,18.3,31,23.7,6.4,34.9
Dallas-Fort Worth-Arlington(1),3639.1,–,215.8,276.4,768.9,83.5,297,599.3,450.7,380.4,123.9,443.2
El Paso(1),314.8,–,16.1,16.2,67.1,5,12.8,35,45.8,34.7,9.1,73
Houston-The Woodlands-Sugar Land,3058.5,78.7,223.5,222.7,622.3,31.6,161.4,497.1,385.3,315.1,108.1,412.7
Killeen-Temple(1),144.1,–,6.7,7.7,27.7,1.1,7.1,10.5,24.3,15.1,5.2,38.7
Laredo(1),104.6,–,4.1,0.7,30.8,0.8,3.9,10.1,16.6,11.7,2.4,23.5
Longview(1),96.5,–,14.8,9.6,18.6,1.2,4.2,8.7,15.6,9,2.8,12
Lubbock(1),149.5,–,7.9,4.8,30.6,3,8.1,12.6,23,19.8,6,33.7
McAllen-Edinburg-Mission(1),261.4,–,8.3,7.3,53.2,2.4,8.7,17.7,72.1,25.9,5.5,60.3
Midland(1),97.4,–,30.5,3.3,19,0.9,3.9,9.3,7.5,9.6,3.4,10
Odessa(1),75.8,–,18.4,4.3,16.6,0.6,3.3,4.3,5.5,8.5,3.6,10.7
San Angelo(1),49.5,–,3.9,3.2,9.6,0.7,2.7,3.9,8.4,5.9,1.7,9.5
San Antonio-New Braunfels,1050.5,8.5,54.8,49.1,183.6,20.2,88.7,136.3,162.7,134.5,37.9,174.2
Sherman-Denison(1),47.3,–,3.1,5.8,8.3,0.3,3.2,3.2,10.1,5.1,1.1,7.1
Texarkana(1),60,–,2.9,5.4,13.2,0.4,2.2,4.3,9.3,6.8,2.2,13.3
Tyler(1),105.4,–,6.2,5.3,22.3,1.3,5.9,10.1,24.4,11.3,3.6,15
Victoria(1),40.7,–,4.4,1.9,10,0.4,1.9,2.5,6.3,4.2,1.6,7.5
Waco(1),120.7,–,7.2,16.5,20.7,1,7.8,11.3,20.7,12.2,3.8,19.5
Wichita Falls(1),59,–,2.8,4.9,11.4,0.6,2.6,4.8,10.5,6.6,2.3,12.5
,,,,,,,,,,,,
Utah,1487.8,8.2,96.2,131.6,282,38.9,84.3,204.3,205.5,148.6,39.1,249.1
Logan(1),62,–,3,11.8,9.4,0.6,1.6,6.8,7.8,5.1,1.1,14.8
Ogden-Clearfield(1),254.5,–,17.3,33,45.8,2.1,9.9,29.6,32.5,23.9,6.7,53.7
Provo-Orem(1),254.4,–,24.7,19.3,43.1,12.2,8.5,33.2,55.2,19.9,5.4,32.9
St. George(1),64.6,–,7.1,3.4,14.8,0.9,2.6,5.2,11.2,8.6,1.8,9
Salt Lake City(1),723.5,–,40.5,58.8,145,21.1,57.2,121.6,84,64.7,20.4,110.2
,,,,,,,,,,,,
Vermont,314.7,0.7,13.3,28.5,54.2,4.3,12.2,27.1,65.9,40.4,10.1,58
Burlington-South Burlington(1),123,–,5.3,12.4,21.7,2.2,4.6,13.7,22.7,12.5,4.1,23.8
,,,,,,,,,,,,
Virginia,3945.5,8.2,193.5,238.6,654.7,66.8,204.2,730.3,537,383.1,204.6,724.5
Blacksburg-Christiansburg-Radford(2),76.8,–,–,–,–,–,–,–,–,–,–,25.1
Charlottesville(1),119.2,–,5.8,3.9,15.5,2.1,4.6,15.7,14.5,13.7,5.8,37.6
Harrisonburg(2),68.6,–,–,–,13,–,–,–,–,–,–,13.3
Lynchburg(1),104.5,–,5.8,15.1,19.2,0.9,4.8,11.4,19,9.9,4.7,13.7
Richmond(1),668.2,–,38.8,32.4,121.7,7.6,51.7,113.5,96,61.2,32.5,112.8
Roanoke(1),158.8,–,8.2,15.3,33.5,1.4,8.1,21,27.2,13.9,7.7,22.5
Staunton-Waynesboro(2),49.7,–,–,–,–,–,–,–,–,–,–,8.8
Virginia Beach-Norfolk-Newport News(1),769.6,–,37.3,53.5,132.4,11,36.9,107.2,109.4,85.8,35.9,160.2
Winchester(2),64.2,–,–,–,13.3,–,–,–,–,–,–,10.3
,,,,,,,,,,,,
Washington,3351.3,5.9,198.6,281.4,631.1,128.6,156.9,419.3,489.4,323.4,120.1,596.6
Bellingham(1),93.8,–,8.3,10,16.3,–,3.5,8.3,–,9.6,–,18.8
Bremerton-Silverdale(1),91.6,–,4.8,2.8,13.4,–,–,7.7,–,9.1,–,33.4
Kennewick-Richland(1),112.7,–,8.4,7.3,19.5,0.8,4.1,21.4,15.8,11.1,3.6,20.7
Longview(1),40.2,–,3.1,6.3,7.9,–,–,–,7.2,3.7,–,6.8
Mount Vernon-Anacortes(1),49.3,–,4.1,5.7,9.7,–,–,–,–,5.1,–,11.9
Olympia-Tumwater(1),118.1,–,5.9,3.6,18.4,1.4,4,11.9,17.8,10.3,4.8,40
Seattle-Tacoma-Bellevue,2022.6,1.1,123.9,174.3,390.1,113.4,100.6,289.9,274.2,199.7,72.6,282.8
Spokane-Spokane Valley(1),241.6,–,11,17,46,3,14.5,25.9,50.9,20.6,9.6,43.1
Walla Walla(1),28.8,–,1,3.8,3.5,0.3,0.9,1.1,8.4,2.4,0.7,6.7
Wenatchee(1),43.8,–,2.6,2.3,9.9,–,–,–,7.6,6.5,–,9.5
Yakima(1),88,–,3.8,9.6,18.6,–,–,6.2,17.9,7.6,–,19.3
,,,,,,,,,,,,
West Virginia,739.9,22.7,29.4,46.9,130.6,8.2,26.5,65.1,131.7,71,52.7,155.1
Beckley(2),44.1,–,–,–,–,–,–,–,–,–,–,8.9
Charleston(1),115.6,–,6.7,3.6,18.7,1.6,6.6,13.2,21.7,10.1,9.2,24.2
Huntington-Ashland(1),135.7,–,6.8,10.5,28.7,1.2,4.8,12.1,27.7,13.5,6.8,23.6
Morgantown(2),72.4,–,–,4.4,–,–,–,7.1,15.5,7.3,–,18.5
Parkersburg-Vienna(2),39.1,–,–,2.5,–,–,–,–,6.7,–,–,7.6
Wheeling(2),65.3,–,–,2.9,–,–,–,–,12.2,–,–,9.5
,,,,,,,,,,,,
Wisconsin,2912.3,4.2,105,472.7,530.2,46.7,150.3,316.9,454.5,259,152,420.8
Appleton(1),124.1,–,7.9,23.1,23.5,1.6,7.1,13.9,15.2,11.4,7.5,12.9
Eau Claire(1),85.1,–,3.4,10.5,16.4,0.8,3.9,9,16.3,8.2,4.3,12.3
Fond du Lac(1),47.4,–,2.7,10.9,8.9,0.8,1.8,2.8,7.4,3.9,2.5,5.7
Green Bay(1),175.4,–,7.3,30.7,32.9,1.6,12,18.9,26.5,15.2,8.7,21.6
Janesville-Beloit(1),67.8,–,2.8,10.5,16.1,1.6,1.9,5.8,10.9,6.2,3.3,8.7
La Crosse-Onalaska(1),79.1,–,2.5,8.3,16,1.1,4.5,5.8,17.4,7.8,4.5,11.2
Madison(1),400,–,16.3,34.3,63,16.9,23.1,50.5,48.5,38,20.2,89.2
Milwaukee-Waukesha-West Allis,861,0.4,28.1,119.9,142.8,13.1,50.2,125.1,171.6,74.3,46.8,88.7
Oshkosh-Neenah(1),97.5,–,4.9,22.9,15.3,1.5,4.2,12.7,11.3,6.9,5.3,12.5
Racine(1),76.8,–,2.5,18.2,14.7,0.5,2.3,6.6,11.5,7.4,3.8,9.3
Sheboygan(1),61.8,–,2.1,21.2,10,0.3,3,3.9,7.6,4.8,2.8,6.1
Wausau(1),72.9,–,2.2,16.5,15,0.4,5.4,6.9,9.8,5.9,3.1,7.7
,,,,,,,,,,,,
Wyoming,277.9,20.7,17.3,9.5,52.2,3.7,10.9,18.3,28.4,33.1,14.1,69.7
Casper,38,2.3,2.5,1.5,8.5,0.5,2,2.7,6.1,4.5,1.7,5.7
Cheyenne(1),45.9,–,3.4,1.3,10.2,1.1,2.1,3.6,4.6,4.3,1.6,13.7
,,,,,,,,,,,,
Puerto Rico,845.1,0.5,19.4,70.5,162.6,17.2,41.6,113.5,115.3,77.7,17.2,209.6
Aguadilla-Isabela(2),50.9,–,–,5.8,9.4,–,1.5,–,–,4.8,–,15.5
Arecibo(2),32.8,–,–,–,–,–,–,–,–,–,–,10.2
Guayama(2),14,–,–,–,2.4,–,–,–,–,–,–,5
Mayag�ez(2),30.1,–,–,1.6,5.9,0.4,0.9,3.4,5.9,3.1,–,7.5
Ponce(1),66.9,–,1.6,7.6,12.7,0.7,1.9,–,11,6.1,–,18.9
San Germ�n(2),18.4,–,–,2.8,3.2,–,–,–,–,–,–,4.5
San Juan-Carolina-Caguas(1),617.6,–,15.8,43.1,119.9,14.8,35.5,93.9,81.1,58.4,13.6,141.5
,,,,,,,,,,,,
Virgin Islands(1),35.6,–,2,0.6,7.3,0.6,2.1,3.1,2.4,6.2,0.9,10.4
